tf,es_metric,model_type,hidden_size,dropout,num_layers,window_size,hold,ku,kd,val_mr_star,val_martin,val_total_return,val_num_trades,val_bss_raw,val_macro_f1_raw,test_martin,test_total_return,test_sharpe,test_macro_f1_raw,test_brier_raw,test_bss_raw,test_tp_precision_raw,test_tp_recall_raw,test_tp_f1_raw,test_macro_f1_masked,test_brier_masked,test_bss_masked,test_tp_precision_masked,test_tp_recall_masked,test_tp_f1_masked
1h,brier,gru,384,0.0,1,332,332,3,1.5,0.08,20.214927571473172,31.680062032243473,193,-0.02543954066977694,0.501353505782944,22.036645272384696,24.690734107575384,2.785235024282794,0.4288970314355426,,-0.006389201557829516,0.4855072463768116,0.042976266837716486,0.0789628756629346,0.4327405911174215,,-0.004156466104933809,0.4090909090909091,0.03339517625231911,0.061749571183533455
1h,brier,gru,128,0.3,3,332,332,3,1.5,0.08,19.827241112433974,33.556402191518096,197,-0.02190114300179835,0.49337064941490144,1.8887876878395018,13.658282173379499,1.5759632359933369,0.4126027888205925,,-0.008440809854584286,0.7441860465116279,0.02052597819114817,0.039950062421972535,0.4196790909658488,,-0.007944451490389692,0.6666666666666666,0.018018018018018018,0.03508771929824561
1h,brier,gru,512,0.1,3,332,332,3,1.5,0.12,19.245105688015414,28.821034390352885,127,-0.000319161436604265,0.5580158296753157,14.046859950767702,18.374841859806356,2.750243054411782,0.4570384819216445,,-0.0070797225662728724,0.5405405405405406,0.07697241821680564,0.13475575519371139,0.4394866219669434,,0.014395801480844517,0.5609756097560976,0.03417533432392273,0.06442577030812324
1h,brier,gru,512,0.1,2,332,332,3,1.5,0.09,16.61252259643317,32.68665450343284,161,-0.0032769620885826356,0.5660877552527157,0.30737425441672905,10.135663502258474,1.222046312574444,0.4755266647078648,,-0.05818789259957491,0.4328018223234624,0.12187299550994227,0.1901901901901902,0.4428306943164622,,-0.03801410393211002,0.38636363636363635,0.04456094364351245,0.0799059929494712
1h,brier,gru,384,0.1,1,332,332,3,1.5,0.06,14.093244077654493,30.263630635397874,234,-0.02243206388601582,0.49395740823689993,19.26629556555717,40.11771040890113,3.2945674685371316,0.43216228886863967,,-0.005460841532029859,0.4658385093167702,0.04810776138550353,0.0872093023255814,0.4455567796004768,,-0.00909756076377044,0.45098039215686275,0.04771784232365145,0.08630393996247655
1h,brier,gru,128,0.5,2,332,332,3,1.5,0.02,13.479701425908347,25.9199426212245,169,0.01939727285516335,0.5055977455892582,-4.983005923440135,-0.41654461086467753,-0.006853134902840272,0.4056900076842615,,-0.036571617348361896,0.7777777777777778,0.013470173187940988,0.02648171500630517,0.3921596436644801,,-0.03999677234707799,0.5,0.0015420200462606013,0.0030745580322828594
1h,brier,gru,512,0.3,1,332,332,3,1.5,0.07,10.797576167965836,26.619221500432477,200,-0.02485726503610608,0.5046865830744631,8.0815673925375,20.778126498580708,2.1122000173426563,0.4314963045902827,,-0.008301937599084264,0.474025974025974,0.04682488774855677,0.08523058960887332,0.43077121745454183,,-0.0021169496319795034,0.39215686274509803,0.03663003663003663,0.06700167504187605
1h,brier,gru,512,0.0,1,332,332,3,1.5,0.11,10.054275886711867,20.66694993932021,131,-0.03644122403722938,0.5137224834178961,5.798512581765813,12.186471498845087,2.015837464283635,0.43732124998812566,,-0.010206708694573186,0.4748603351955307,0.05452212957023733,0.09781357882623705,0.45133295873134793,,-0.007979575061498156,0.3968253968253968,0.04930966469428008,0.08771929824561404
1h,brier,gru,128,0.5,3,332,332,3,1.5,0.09,9.849180835133577,23.987967896492535,154,-0.01898338696098323,0.5349047049651684,13.217127183632893,19.867696829222336,2.736395088091014,0.44843329895531886,,-0.01591951535402214,0.4759825327510917,0.06991661321359846,0.121923937360179,0.417248100018485,,-0.005441456918426457,0.5217391304347826,0.025668449197860963,0.04892966360856269
1h,brier,gru,128,0.0,1,332,332,3,1.5,0.07,9.411478250450529,19.25791314596048,132,0.03307665693890882,0.5325716566495513,-6.307833328644425,5.033450521508809,1.0723419666332743,0.40962605325274976,,-0.006600504134111951,0.5172413793103449,0.01924310455420141,0.03710575139146568,0.393080511478509,,-0.019050525028117216,0.2222222222222222,0.0016488046166529267,0.003273322422258592
1h,brier,gru,256,0.0,3,332,332,3,1.5,0.1,9.077336621120914,25.069807933272827,181,-0.01925988270234602,0.5752675573247523,6.673524301653089,14.828282169342067,2.013395556787989,0.45676893598836643,,-0.029582012837250593,0.49603174603174605,0.08017960230917255,0.1380452788514633,0.42483743369991916,,-0.009764434378337183,0.5510204081632653,0.032335329341317366,0.06108597285067874
1h,brier,gru,384,0.0,2,332,332,3,1.5,0.12,8.67337752885971,19.29670657229878,126,-0.007840324720199021,0.5656590612428094,1.1712232090571852,11.174392499183083,1.6458399255151166,0.4568753921953944,,-0.002794338714407818,0.44666666666666666,0.08595253367543297,0.1441635287789134,0.4277930800727757,,0.019387738916876618,0.38461538461538464,0.032467532467532464,0.05988023952095807
1h,brier,gru,256,0.1,3,332,332,3,1.5,0.12,8.311364609777833,22.222092084889745,135,-0.013455005398762987,0.5467867393031998,-2.170536768250911,4.419660682499438,0.7405085743228177,0.43946820813646503,,-0.011380893178176477,0.39299610894941633,0.06478511866581142,0.11123348017621146,0.4617269396125459,,0.022851061474985945,0.45454545454545453,0.07523939808481532,0.12910798122065728
1h,brier,gru,256,0.1,1,332,332,3,1.5,0.07,8.110422608058586,20.56234567423232,213,-0.025603547514241765,0.468287381125144,13.573531001029382,20.680092442163623,2.4733080375146925,0.4153940801570514,,-0.005480251452875118,0.6229508196721312,0.024374599101988453,0.046913580246913576,0.43687660771821096,,-0.01370032432709034,0.5416666666666666,0.03058823529411765,0.057906458797327386
1h,brier,gru,512,0.1,1,332,332,3,1.5,0.07,7.974112026912669,22.519956876411683,223,-0.030863576199691156,0.5145760058362598,10.491398649559107,25.786696772176732,2.447485791439982,0.4414230701795098,,-0.010458373914785435,0.4470046082949309,0.062219371391917896,0.10923423423423424,0.4426821341378077,,-0.0017337884828851902,0.38571428571428573,0.05084745762711865,0.08985024958402663
1h,brier,gru,256,0.0,2,332,332,3,1.5,0.12,7.883081617536333,22.14601746710305,158,-0.02762071921991094,0.5625763004716113,0.7203761682305135,10.715797884244038,1.5487131822809452,0.46369420921470667,,-0.0377626472346726,0.3887640449438202,0.11096856959589481,0.17265469061876249,0.449934489190257,,0.0003181780371273035,0.49382716049382713,0.05698005698005698,0.1021711366538953
1h,brier,gru,256,0.0,1,332,332,3,1.5,0.08,7.85480933886815,24.44949027301979,213,-0.038686767094547436,0.490365752423048,7.6840073259271575,20.49618317921751,1.9654635712105697,0.43009371022946036,,-0.01637876048788156,0.47619047619047616,0.04490057729313662,0.082063305978898,0.4481505811866807,,-0.024595039398829677,0.4318181818181818,0.052054794520547946,0.09290953545232274
1h,brier,gru,384,0.5,1,332,332,3,1.5,0.07,7.703665111961947,21.129850973494936,193,-0.019541243437023015,0.4714620401936518,18.871981476590893,30.693808518187993,2.9767935932967675,0.42192499529456046,,-0.004486578267656416,0.45454545454545453,0.03527902501603592,0.06547619047619048,0.4362469166265561,,-0.008942187264159074,0.4523809523809524,0.04,0.0735009671179884
1h,brier,gru,512,0.0,3,332,332,3,1.5,0.09,7.570484349948504,22.01960833469292,130,0.005308500005776651,0.5337127431302672,11.16009890011873,14.512544713737153,2.396182917532636,0.4299160216630833,,-0.024867962498218654,0.5409836065573771,0.042334830019243104,0.07852468768590125,0.40240524485067397,,-0.02916911958990709,0.47368421052631576,0.00897308075772682,0.017612524461839533
1h,brier,gru,128,0.3,2,332,332,3,1.5,0.04,7.488304556944198,18.97836074546695,124,-0.01810876125177585,0.49925556580298114,-12.247493781253414,1.0199220764089745,0.2623469902512512,0.40906831480513633,,-0.06424497214959657,0.5833333333333334,0.01796023091725465,0.03484754200373367,0.39301272725283865,,-0.07208489032700505,0.2,0.0007293946024799417,0.001453488372093023
1h,brier,gru,384,0.1,3,332,332,3,1.5,0.12,7.133629587819861,20.019170096080785,134,-0.008255843287775955,0.5491922490180448,15.30132631285467,17.566214440555484,2.42283718192125,0.458719180226283,,-0.007024206842444869,0.49242424242424243,0.08338678640153944,0.1426220515633571,0.4313982836951036,,0.031686920707415744,0.4166666666666667,0.03067484662576687,0.05714285714285714
1h,brier,gru,512,0.5,3,332,332,3,1.5,0.13,6.853767095068616,17.33174427481121,122,-0.018835466262652867,0.5538938973101806,-1.8416715547638225,6.185424426201647,1.1105635316114468,0.44812407862369563,,-0.007220228999297751,0.40468227424749165,0.07761385503527903,0.1302475780409042,0.43611053491770063,,0.007788519153390294,0.3728813559322034,0.03963963963963964,0.07166123778501629
1h,brier,gru,512,0.5,1,332,332,3,1.5,0.06,6.674898680467602,23.566264649187897,225,-0.020712370682275383,0.4765078628802361,7.3361591497677505,24.46749433094675,2.3347725280713125,0.4222376681170058,,-0.006979852860724334,0.5096153846153846,0.03399615137908916,0.06374022850270596,0.4275349257565872,,-0.0035269391497274594,0.42105263157894735,0.02962962962962963,0.05536332179930796
1h,brier,gru,128,0.1,2,332,332,3,1.5,0.06,5.6844196328944125,20.879592451451966,255,-0.027656433581519035,0.45806531420089064,7.930706148426267,25.770051113112814,2.2733221167608146,0.41667937694228896,,-0.005882985772716509,0.4731182795698925,0.028223220012828735,0.05326876513317191,0.4239046758376009,,-0.00976535098952458,0.4827586206896552,0.030837004405286344,0.05797101449275363
1h,brier,gru,256,0.5,3,332,332,3,1.5,0.08,5.6380922161556,18.47138767275489,198,-0.024666697439445384,0.5379480655907055,6.795546953147836,23.089622965654755,2.2932356224343735,0.4356402133728424,,-0.007435969931355757,0.5384615384615384,0.04939063502245029,0.09048178613396003,0.4469184455391352,,0.010504313474775873,0.6388888888888888,0.047325102880658436,0.08812260536398468
1h,brier,gru,512,0.3,3,332,332,3,1.5,0.11,5.173223627557188,15.413879011864706,118,0.0025773290268547022,0.5473211293193996,22.369403931248126,19.891047294829335,3.069524218987493,0.43238660827550335,,-0.004743376549700251,0.4716981132075472,0.04810776138550353,0.08731082654249127,0.4153741563347608,,0.01589969921186707,0.36363636363636365,0.010796221322537112,0.020969855832241154
1h,brier,gru,128,0.5,1,332,332,3,1.5,0.08,4.995199796015087,18.690207957000005,178,-0.026798456290122008,0.5205602897987529,-0.5071534763654071,7.807494671191595,0.8920329927083878,0.4618877895012251,,-0.022478543030490128,0.49458483754512633,0.08787684413085312,0.14923747276688454,0.4315261191334145,,-0.015282153181774394,0.48333333333333334,0.04654895666131621,0.08491947291361639
1h,brier,gru,128,0.0,3,332,332,3,1.5,0.1,4.686078254133789,17.98578026546469,122,-0.02062664083117327,0.5037703521633856,-1.6110219475683558,4.16430650072992,0.7053208092449291,0.43110441257666415,,-0.0014047124016043355,0.4768211920529801,0.046183450930083386,0.08421052631578947,0.43088463211947087,,0.00038900122047946795,0.5172413793103449,0.029644268774703556,0.05607476635514018
1h,brier,gru,384,0.3,1,332,332,3,1.5,0.08,3.9932466150954613,15.18511246221168,164,-0.020878540549639446,0.48067490962245285,14.942122515987768,28.160185680105876,2.9072298995637125,0.42780052196944474,,-0.005363316750698122,0.4527027027027027,0.042976266837716486,0.07850029291154072,0.43957072889657156,,-0.0067749002765014055,0.44,0.04435483870967742,0.08058608058608058
1h,brier,gru,512,0.5,2,332,332,3,1.5,0.1,3.9638044410436675,18.032424437798444,192,-0.03223226621554631,0.5468846035072112,-0.573154768579251,7.582485312628551,0.8598787240330592,0.47259274012846686,,-0.015903424051515236,0.3801801801801802,0.13534316869788326,0.19962157048249762,0.5096235014526208,,-0.011901694974566057,0.38626609442060084,0.16393442622950818,0.2301790281329923
1h,brier,gru,512,0.0,2,332,332,3,1.5,0.07,3.7655229461767346,17.525265532438382,173,0.0009701107881235904,0.5544867093748047,-1.5094371465237597,1.7147268143846928,0.2739886433016076,0.46025938936468763,,-0.011172265423903927,0.44936708860759494,0.09108402822322001,0.15146666666666667,0.4390596383655654,,0.009743823341287094,0.4807692307692308,0.037821482602118005,0.07012622720897616
1h,brier,gru,128,0.1,3,332,332,3,1.5,0.09,3.527105253161368,15.41454104587725,127,-0.01551562601766543,0.4904849739620782,-1.2330938869618697,4.730267677668887,0.7550462895923417,0.4262513207051175,,0.0011569110874535271,0.5217391304347826,0.03848620910840282,0.07168458781362007,0.43430844365066124,,-0.004554039646854635,0.6363636363636364,0.026871401151631478,0.05156537753222836
1h,brier,gru,256,0.5,2,332,332,3,1.5,0.07,3.3791038942674034,17.980665857988033,238,-0.030605498271554676,0.5031662426585825,7.3931446185908465,28.244274799312596,2.134415088871365,0.4433177316152779,,-0.019706212419644764,0.47342995169082125,0.06286080821039128,0.11098527746319366,0.4544223262233916,,-0.018404226646445032,0.4909090909090909,0.06569343065693431,0.11587982832618027
1h,brier,gru,128,0.3,1,332,332,3,1.5,0.05,3.2464715757965865,16.210808169795786,234,-0.03376753878776895,0.5278604013094668,15.544149272103931,35.74261631795077,2.6283450655489036,0.4709460947404827,,-0.016146280605523256,0.5132450331125827,0.09942270686337396,0.16657710908113918,0.4496675560072841,,8.027412586175675e-05,0.4411764705882353,0.05514705882352941,0.0980392156862745
1h,brier,gru,384,0.1,2,332,332,3,1.5,0.13,2.7339215114761735,14.052638784506954,142,-0.01174584399892109,0.5655271230818226,3.8196610751233524,11.734380810607137,2.186698709615862,0.44986932889157655,,-0.034545661752795276,0.49327354260089684,0.07055805003207184,0.12345679012345678,0.4084363126005545,,-0.02228732569948577,0.4230769230769231,0.02208835341365462,0.04198473282442749
1h,brier,gru,384,0.3,2,332,332,3,1.5,0.13,2.7067510242042094,13.725784015533637,128,-0.02714865932648669,0.5580134687103159,-1.0151917233689454,7.036458599920814,1.0868759513701451,0.4692807374222101,,-0.00854001488825884,0.4095022624434389,0.11610006414368185,0.18090954522738628,0.5077844180210783,,0.0012406535579224665,0.44565217391304346,0.13969335604770017,0.2127107652399481
1h,brier,gru,384,0.3,3,332,332,3,1.5,0.12,2.7042689211770887,14.256368975588263,136,-0.013318717749736475,0.5574056252015479,-0.6818169352136335,8.335159808435666,1.3108539354630941,0.4534946831535898,,-0.000784343742054272,0.4606741573033708,0.07889672867222579,0.13472070098576125,0.4402596530927292,,0.01912191354633519,0.4897959183673469,0.03940886699507389,0.07294832826747721
1h,brier,gru,256,0.3,3,332,332,3,1.5,0.12,2.409868972043056,13.277708222236972,137,-0.022015356857376656,0.5403443051399568,-2.4477246285054037,-2.1279142460454925,-0.23743036920768285,0.4504731515169442,,-0.012385105954506148,0.3951367781155015,0.08338678640153944,0.13771186440677963,0.4285341082475035,,0.019116131170657136,0.35,0.03307086614173228,0.06043165467625899
1h,brier,gru,256,0.1,2,332,332,3,1.5,0.11,2.3188108359235162,13.290278437996728,168,-0.04001726500028835,0.5315026310207778,36.31847729756094,39.608435830888624,3.653310589613208,0.49372183001890113,,-0.026528822419855214,0.4580896686159844,0.1507376523412444,0.22683397683397685,0.5219960259438383,,-0.04100590353155309,0.44360902255639095,0.15649867374005305,0.23137254901960783
1h,brier,gru,384,0.0,3,332,332,3,1.5,0.06,2.2778141527150217,14.394865084376951,215,0.004804286769677257,0.5483528880273792,0.9316721064233627,12.73155653650564,1.5005939581380143,0.4388938748871001,,-0.005008499977746661,0.4782608695652174,0.05644644002565747,0.10097532989099253,0.4247825422957962,,0.023102496894595204,0.45161290322580644,0.019178082191780823,0.03679369250985546
1h,brier,gru,384,0.5,2,332,332,3,1.5,0.08,2.1399091319056454,15.106869502154673,198,-0.026454405992835994,0.5247894063598613,25.85159806457626,31.734819001882443,3.1996989095808326,0.4317194112573226,,-0.006966674169510245,0.48026315789473684,0.04682488774855677,0.0853302162478083,0.4378270194316564,,-0.002243762991556153,0.45454545454545453,0.036231884057971016,0.06711409395973154
1h,brier,gru,512,0.3,2,332,332,3,1.5,0.13,2.1220745593051746,12.229467803460858,118,-0.013749967024263121,0.5524187556353457,0.2551108438084992,10.0333000182935,1.4852348532039406,0.4663551405366827,,-0.007248214018665156,0.41625615763546797,0.10840282232200128,0.17201017811704836,0.4616354103649929,,0.002390376496387514,0.3472222222222222,0.05555555555555555,0.09578544061302681
1h,brier,gru,384,0.5,3,332,332,3,1.5,0.03,1.936984343154996,14.878884877859356,266,-0.02412561427592741,0.560799040387525,6.514514761677563,32.33720012325725,2.1653491451092335,0.458155609356106,,-0.012211075830667717,0.3721461187214612,0.10455420141116101,0.16324486730095145,0.4556875943133985,,0.004476748033305,0.35,0.056451612903225805,0.09722222222222222
1h,brier,gru,256,0.3,2,332,332,3,1.5,0.08,1.20695460723556,13.055675605393912,214,-0.0334484862382749,0.5175075331494641,7.900004170673685,27.29383133277088,2.220064658294059,0.46585382412482096,,-0.020870983672305332,0.4676923076923077,0.09749839640795381,0.1613588110403397,0.4948498866810442,,-0.03779370167482998,0.4931506849315068,0.0989010989010989,0.16475972540045766
1h,brier,gru,128,0.1,1,332,332,3,1.5,0.09,0.5014475294357575,10.3212668576681,143,-0.022269850740784136,0.5131405931001072,11.440421997907805,19.37693767368207,2.3412147493971354,0.458573690103865,,-0.01289697893731323,0.5520361990950227,0.0782552918537524,0.13707865168539327,0.42288384712145366,,0.0007311631226515347,0.46,0.03253182461103253,0.0607661822985469
1h,brier,gru,256,0.3,1,332,332,3,1.5,0.07,0.3187383670282091,10.35148435906117,213,-0.031842364075041596,0.465822605342256,4.50312816272534,21.303521355606158,2.042572502067419,0.43339629816550473,,-0.013246410535907582,0.5,0.04810776138550353,0.08777062609713283,0.467095951785095,,-0.014876059358564842,0.5076923076923077,0.08009708737864078,0.13836477987421386
1h,brier,gru,256,0.5,1,332,332,3,1.5,0.06,-0.19276904253996685,9.045936593889436,243,-0.03549846725113137,0.46628551446475197,3.1779016833492784,22.374233575578838,1.8402319590414833,0.43873207797018976,,-0.016770623552209152,0.49710982658959535,0.055163566388710714,0.09930715935334875,0.47919011909013104,,-0.02374327538030263,0.5135135135135135,0.09718670076726342,0.16344086021505375
1h,brier,gru,128,0.0,2,332,332,3,1.5,0.06,-1.5500227481048259,4.826762796128392,264,-0.03689667264707053,0.4820279014095752,18.470922409598867,43.37250317409378,3.11650427721432,0.434060217119241,,-0.012325003898741693,0.49044585987261147,0.04939063502245029,0.08974358974358973,0.4726056621967402,,-0.027990418067519007,0.5510204081632653,0.07541899441340782,0.13267813267813267
